Model,Accuracy,F1-Score,Precision,Recall
Naive Bayes,0.879378657,0.879355366,0.878534568,0.876377896
Random Forest,0.889166667,0.889005108,0.888941457,0.889166667
LSTM,0.895652143,0.886406457,0.889323372,0.889325521
BERT,0.904501123,0.896776343,0.899975799,0.909124526
