Model,Accuracy,F1-Score
Naive Bayes,0.889166667,0.889005108
Random Forest,0.893611111,0.892563099
LSTM,0.893611111,0.892563099
BERT,0.904501123,0.896776343
