Model,Accuracy,F1-Score,Precision,Recall
Naive Bayes,0.8891666666666667,0.8890051081129238,0.8889414571339237,0.8891666666666667
Random Forest,0.8891666666666667,0.8890051081129238,0.8889414571339237,0.8891666666666667
LSTM,0.8891666666666667,0.8890051081129238,0.8889414571339237,0.8891666666666667
